date,shop,name,price,currency,url
2026-09-01,Cyclovia,Cervélo Áspero,4899,EUR,https://www.cycloviastore.com/shop/cervelo-aspero/
2026-09-01,Cyclovia,Cervélo Caledonia 5,7499,EUR,https://www.cycloviastore.com/shop/cervelo-s5-copie/
2026-09-01,Cyclovia,Cervélo S5,9999,EUR,https://www.cycloviastore.com/shop/colnago-v4rs-copie/
2026-09-01,Cyclovia,Colnago C68 Road,10200,EUR,https://www.cycloviastore.com/shop/colnagoc68road/
2026-09-01,Cyclovia,Colnago G4-X,4330,EUR,https://www.cycloviastore.com/shop/colnago-g4x/
2026-09-01,Cyclovia,Colnago V4,5200,EUR,https://www.cycloviastore.com/shop/colnago-v4/
2026-09-01,Cyclovia,Colnago V4Rs,9090,EUR,https://www.cycloviastore.com/shop/colnago-c68-road-copie/
2026-09-01,Cyclovia,Colnago Y1Rs,16200,EUR,https://www.cycloviastore.com/shop/colnago-y1rs/
2026-09-01,Cyclovia,Wilier Adlar,3500,EUR,https://www.cycloviastore.com/shop/wilier-adlar/
2026-09-01,Cyclovia,Wilier Filante SLR,9360,EUR,https://www.cycloviastore.com/shop/wilier-0sl-copie/
2026-09-01,Cyclovia,Wilier Garda,2600,EUR,https://www.cycloviastore.com/shop/wilier-garda/
2026-09-01,Cyclovia,Wilier Granturismo SLR,8160,EUR,https://www.cycloviastore.com/shop/wilier-granturismo-slr/
2026-09-01,Bikester,Nuroad C:62 ONE (2027) | Gravelbike,1999,EUR,https://www.bikester.be/products/cube-nuroad-c62-one-carbon-n-shiftverde
2026-09-01,Bikester,Nuroad C:62 ONE (2027) | Gravelbike,1999,EUR,https://www.bikester.be/products/cube-nuroad-c62-one-hintofmint-n-green
2026-09-01,Bikester,Nuroad C:62 Pro FE (2027) | Gravelbike,2599,EUR,https://www.bikester.be/products/cube-nuroad-c62-pro-fe-cedern-stone
2026-09-01,Bikester,Nuroad C:62 EX (2027) | Gravelbike,2999,EUR,https://www.bikester.be/products/cube-nuroad-c62-ex-surfblue-n-black
2026-09-01,Bikester,Acid 240 FE (2027)  | 24 inch jeugd-/kinder-MTB,429,EUR,https://www.bikester.be/products/cube-acid-240-fe-lightolive-n-orange
2026-09-01,Bikester,"Stereo Hybrid ONE44 HPC SLX 800 (2027)  | 27,5/29 inch E-MTB Fully",4999,EUR,https://www.bikester.be/products/cube-stereo-hybrid-one44-hpc-slx-800-blackline
2026-09-01,Bikester,Aim SLX (2027)  | 29 inch MTB Hardtail,699,EUR,https://www.bikester.be/products/cube-aim-slx-slateblack-n-chrome
2026-09-01,Bikester,"Stereo Hybrid ONE44 Pro 800 FE (2027)  | 27,5/29 inch E-MTB Fully",4099,EUR,https://www.bikester.be/products/cube-stereo-hybrid-one44-pro-800-fe-coal-n-black
2026-09-01,Bikester,Agree C:62 ONE (2026) | Racefiets,2699,EUR,https://www.bikester.be/products/cube-agree-c62-one-storm-n-grey
2026-09-01,Bikester,Nature EXC Allroad (2026) | Trekkingfiets,1099,EUR,https://www.bikester.be/products/cube-nature-exc-allroad-seasalt-n-pyrite-2025
2026-09-01,Bikester,Touring Hybrid ONE 600 (2026) | Trekking E-bike,2399,EUR,https://www.bikester.be/products/cube-touring-hybrid-one-600-coal-n-chrome
2026-09-01,Bikester,Litening AERO C:68X Race (2026) | Aero racefiets,4849,EUR,https://www.bikester.be/products/cube-litening-aero-c68x-race-blackline
2026-09-01,Bikester,Cross Race C:62 Pro (2026) | Cyclocrossfiets,2299,EUR,https://www.bikester.be/products/cube-cross-race-c-62-pro-carbon-n-orange-2025
2026-09-01,Bikester,Kathmandu Hybrid SLT 800 (2026) | Trekking E-bike,4899,EUR,https://www.bikester.be/products/cube-kathmandu-hybrid-slt-800-duskwood-n-goblin
2026-09-01,Bikester,Supreme Hybrid Pro 625 Easy Entry (2026) | Stad E-Bike,2699,EUR,https://www.bikester.be/products/cube-supreme-hybrid-pro-625-easy-entry-electricblue-n-blue-2025
2026-09-01,Bikester,Nuroad C:62 ONE (2027) | Gravelbike,1999,EUR,https://www.bikester.be/products/cube-nuroad-c62-one-carbon-n-shiftverde
2026-09-01,Bikester,Nuroad C:62 ONE (2027) | Gravelbike,1999,EUR,https://www.bikester.be/products/cube-nuroad-c62-one-hintofmint-n-green
2026-09-01,Bikester,Gravix Pro 1 (2027) | Gravelbike,1099,EUR,https://www.bikester.be/products/serious-bikes-gravix-pro-1-schwarz-matt
2026-09-01,Bikester,Gravix TWO (2026) | Gravelbike,869,EUR,https://www.bikester.be/products/serious-gravix-two-black-shiny-2025
2026-09-01,Bikester,Gravix Pro 1 (2027) | Gravelbike,1099,EUR,https://www.bikester.be/products/serious-bikes-gravix-pro-1-grey-yell-green
2026-09-01,Bikester,Gravix Pro 2 (2027) | Gravelbike,1199,EUR,https://www.bikester.be/products/serious-bikes-gravix-pro-2-schwarz-matt
2026-09-01,Bikester,Nuroad C:62 EX (2027) | Gravelbike,2999,EUR,https://www.bikester.be/products/cube-nuroad-c62-ex-surfblue-n-black
2026-09-01,Bikester,Gravix Pro 2 (2027) | Gravelbike,1199,EUR,https://www.bikester.be/products/serious-bikes-gravix-pro-2-dark-grey-blue
2026-09-01,Bikester,Gravix Pro 1 (2027) | Gravelbike,1099,EUR,https://www.bikester.be/products/serious-bikes-gravix-pro-1-schwarz-matt
2026-09-01,Bikester,Gravix TWO (2026) | Gravelbike,869,EUR,https://www.bikester.be/products/serious-gravix-two-black-shiny-2025
2026-09-01,Bikester,Gravix Pro 1 (2027) | Gravelbike,1099,EUR,https://www.bikester.be/products/serious-bikes-gravix-pro-1-grey-yell-green
2026-09-01,Bikester,Gravix Pro 2 (2027) | Gravelbike,1199,EUR,https://www.bikester.be/products/serious-bikes-gravix-pro-2-schwarz-matt
2026-09-01,Bikester,Bordo Big 6000K/120 vouwslot + houder SH,102.99,EUR,https://www.bikester.be/products/abus-bordo-6000k-120-sh-faltschloss-schwarz
2026-09-01,Bikester,Aura 100 verlichtingsset incl. Blaze Link,75.99,EUR,https://www.bikester.be/products/sigma-aura-100-beleuchtungsset-inkl-blaze-link
2026-09-01,Bikester,Bordo Granit 6500K/120 SH vouwslot,139.99,EUR,https://www.bikester.be/products/abus-bordo-granit-6500k-120-sh-faltschloss-schwarz
2026-09-01,Bikester,Bordo Combo 6000C/120 SH vouwslot zwart,114.99,EUR,https://www.bikester.be/products/abus-6000c-120-sh-faltschloss-schwarz
2026-09-01,Bikester,Granit CityChain X-Plus 1060 Kettingslot,159.99,EUR,https://www.bikester.be/products/abus-granit-citychain-x-plus-1060-kettenschloss-schwarz
2026-09-01,Bikester,Bagagedragerstas CITY 8 RILink,54.99,EUR,https://www.bikester.be/products/acid-gepacktragertasche-city-8-rilink
2026-09-01,Bikester,Verlichtingsset TOUR 90 USB,39.99,EUR,https://www.bikester.be/products/rfr-beleuchtungsset-tour-90-usb
2026-09-01,Bikester,CityChain 1010/85 kettingslot zwart,92.99,EUR,https://www.bikester.be/products/abus-citychain-1010-85-kettenschloss-schwarz
2026-09-01,Bikester,Verlichtingsset PRO 30,32.99,EUR,https://www.bikester.be/products/acid-beleuchtungsset-pro-30
2026-09-01,Bikester,"Bagagedrager SIC 29"" RILink",45.99,EUR,https://www.bikester.be/products/acid-gepacktrager-sic-29-rilink
2026-09-07,Cyclovia,Cervélo Áspero,4899,EUR,https://www.cycloviastore.com/shop/cervelo-aspero/
2026-09-07,Cyclovia,Cervélo Caledonia 5,7499,EUR,https://www.cycloviastore.com/shop/cervelo-s5-copie/
2026-09-07,Cyclovia,Cervélo S5,9999,EUR,https://www.cycloviastore.com/shop/colnago-v4rs-copie/
2026-09-07,Cyclovia,Colnago C68 Road,10200,EUR,https://www.cycloviastore.com/shop/colnagoc68road/
2026-09-07,Cyclovia,Colnago G4-X,4330,EUR,https://www.cycloviastore.com/shop/colnago-g4x/
2026-09-07,Cyclovia,Colnago V4,5200,EUR,https://www.cycloviastore.com/shop/colnago-v4/
2026-09-07,Cyclovia,Colnago V4Rs,9090,EUR,https://www.cycloviastore.com/shop/colnago-c68-road-copie/
2026-09-07,Cyclovia,Colnago Y1Rs,16200,EUR,https://www.cycloviastore.com/shop/colnago-y1rs/
2026-09-07,Cyclovia,Wilier Adlar,3500,EUR,https://www.cycloviastore.com/shop/wilier-adlar/
2026-09-07,Cyclovia,Wilier Filante SLR,9360,EUR,https://www.cycloviastore.com/shop/wilier-0sl-copie/
2026-09-07,Cyclovia,Wilier Garda,2600,EUR,https://www.cycloviastore.com/shop/wilier-garda/
2026-09-07,Cyclovia,Wilier Granturismo SLR,8160,EUR,https://www.cycloviastore.com/shop/wilier-granturismo-slr/
2026-09-07,Bikester,Nuroad C:62 ONE (2027) | Gravelbike,1999,EUR,https://www.bikester.be/products/cube-nuroad-c62-one-carbon-n-shiftverde
2026-09-07,Bikester,Nuroad C:62 ONE (2027) | Gravelbike,1999,EUR,https://www.bikester.be/products/cube-nuroad-c62-one-hintofmint-n-green
2026-09-07,Bikester,Nuroad C:62 Pro FE (2027) | Gravelbike,2599,EUR,https://www.bikester.be/products/cube-nuroad-c62-pro-fe-cedern-stone
2026-09-07,Bikester,Acid 260 Disc FE (2027)  | 26 inch jeugd-/kinder-MTB,599,EUR,https://www.bikester.be/products/cube-acid-260-disc-fe-lizard-n-blue
2026-09-07,Bikester,Aim SLX (2027)  | 29 inch MTB Hardtail,699,EUR,https://www.bikester.be/products/cube-aim-slx-slateblack-n-chrome
2026-09-07,Bikester,"Reaction Hybrid Race 800 FE Diamant (2027)  | 27,5/29 inch E-MTB Hardtail",3899,EUR,https://www.bikester.be/products/cube-reaction-hybrid-race-800-fe-diamant-slabgreynchrome
2026-09-07,Bikester,Acid 240 Disc FE (2027)  | 24 inch jeugd-/kinder-MTB,499,EUR,https://www.bikester.be/products/cube-acid-240-disc-fe-lizard-n-blue
2026-09-07,Bikester,Nuroad C:62 ONE (2027) | Gravelbike,1999,EUR,https://www.bikester.be/products/cube-nuroad-c62-one-carbon-n-shiftverde
2026-09-07,Bikester,Nuroad C:62 ONE (2027) | Gravelbike,1999,EUR,https://www.bikester.be/products/cube-nuroad-c62-one-hintofmint-n-green
2026-09-07,Bikester,Gravix TWO (2026) | Gravelbike,869,EUR,https://www.bikester.be/products/serious-gravix-two-black-shiny-2025
2026-09-07,Bikester,Gravix Pro 1 (2027) | Gravelbike,1099,EUR,https://www.bikester.be/products/serious-bikes-gravix-pro-1-schwarz-matt
2026-09-07,Bikester,Gravix Pro 1 (2027) | Gravelbike,1099,EUR,https://www.bikester.be/products/serious-bikes-gravix-pro-1-grey-yell-green
2026-09-07,Bikester,Gravix Pro 2 (2027) | Gravelbike,1199,EUR,https://www.bikester.be/products/serious-bikes-gravix-pro-2-schwarz-matt
2026-09-07,Bikester,Topstone 1 (2025) | Gravelbike,1849,EUR,https://www.bikester.be/products/cannondale-700-u-topstone-1-obsidian
2026-09-07,Bikester,Gravix Pro 2 (2027) | Gravelbike,1199,EUR,https://www.bikester.be/products/serious-bikes-gravix-pro-2-dark-grey-blue
2026-09-07,Bikester,Gravix TWO (2026) | Gravelbike,869,EUR,https://www.bikester.be/products/serious-gravix-two-black-shiny-2025
2026-09-07,Bikester,Gravix Pro 1 (2027) | Gravelbike,1099,EUR,https://www.bikester.be/products/serious-bikes-gravix-pro-1-schwarz-matt
2026-09-07,Bikester,Gravix Pro 1 (2027) | Gravelbike,1099,EUR,https://www.bikester.be/products/serious-bikes-gravix-pro-1-grey-yell-green
2026-09-07,Bikester,Gravix Pro 2 (2027) | Gravelbike,1199,EUR,https://www.bikester.be/products/serious-bikes-gravix-pro-2-schwarz-matt
2026-09-07,Bikester,Bordo Big 6000K/120 vouwslot + houder SH,102.99,EUR,https://www.bikester.be/products/abus-bordo-6000k-120-sh-faltschloss-schwarz
2026-09-07,Bikester,Aura 100 verlichtingsset incl. Blaze Link,75.99,EUR,https://www.bikester.be/products/sigma-aura-100-beleuchtungsset-inkl-blaze-link
2026-09-07,Bikester,CityChain 1010/85 kettingslot zwart,92.99,EUR,https://www.bikester.be/products/abus-citychain-1010-85-kettenschloss-schwarz
2026-09-07,Bikester,Aura Micro Set USB verlichtingsset,24.99,EUR,https://www.bikester.be/products/sigma-aura-micro-set-usb-beleuchtungsset
2026-09-07,Bikester,Verlichtingsset TOUR 90 USB,39.99,EUR,https://www.bikester.be/products/rfr-beleuchtungsset-tour-90-usb
2026-09-07,Bikester,"Bagagedrager PURE Universeel 26"" - 29"" RILink",36.99,EUR,https://www.bikester.be/products/acid-gepacktrager-pure-universal-26-29-rilink
2026-09-07,Bikester,Bordo uGrip 5700C/80 SH vouwslot zwart,64.99,EUR,https://www.bikester.be/products/abus-bordo-ugrip-5700c-80-sh-faltschloss-schwarz
2026-09-07,Bikester,"Bagagedrager SIC 29"" RILink",45.99,EUR,https://www.bikester.be/products/acid-gepacktrager-sic-29-rilink
2026-09-07,Bikester,Tresor 1385 kettingslot,42.99,EUR,https://www.bikester.be/products/abus-tresor-1385-85-kettenschloss-schwarz
2026-09-07,Bikester,Kettingverbinder Corvid Pro C120,33.99,EUR,https://www.bikester.be/products/acid-kettenschloss-corvid-pro-c120
